id,name,email,country
1,Alice Smith,alice@example.com,USA
2,Bob Jones,bob@example.com,Canada
3,Charlie Brown,charlie@example.com,UK
4,Diana Prince,diana@example.com,France
5,Ethan Hunt,ethan@example.com,Germany
6,Alice Smith,alice@example.com,USA
7,Bob Jones,bob@example.com,Canada
8,Charlie Brown,charlie@example.com,UK
9,Diana Prince,diana@example.com,France
10,Ethan Hunt,ethan@example.com,Germany
11,Alice Smith,alice@example.com,USA
12,Bob Jones,bob@example.com,Canada
13,Charlie Brown,charlie@example.com,UK
14,Diana Prince,diana@example.com,France
15,Ethan Hunt,ethan@example.com,Germany
16,Alice Smith,alice@example.com,USA
17,Bob Jones,bob@example.com,Canada
18,Charlie Brown,charlie@example.com,NA
19,Diana Prince,diana@example.com,France
20,Ethan Hunt,ethan@example.com,Germany
21,Alice Smith,alice@example.com,USA
22,Bob Jones,bob@example.com,Canada
23,Charlie Brown,charlie@example.com,UK
24,Diana Prince,diana@example.com,France
25,Ethan Hunt,ethan@example.com,Germany
